Opportunity Name,Qualification Set Date,Qualification Scheduled Date,Industry,Amount,Stage,Fiscal Period,Created Date,SDR Owner,Assigned Account Executive,SAO Points Calculation,Meeting Held Date
Western Ridge Electrical - SDR Set 1,2026-05-27,2026-06-08,Sheet Metal Contractor,31000,Closed Won,Q2 2026,2026-05-27,Wes Kim,Caroline Mead,0,2026-06-08
Western Ridge Electrical - SDR Set 2,2026-05-14,2026-05-18,Plumbing Contractor,44000,Closed Won,Q2 2026,2026-05-14,Wes Kim,Jamal Whitfield,1,2026-05-18
Highline HVAC - SDR Set 3,2025-11-17,2025-11-30,Specialty Trades,25000,Qualification,Q4 2025,2025-11-17,Wes Kim,Jamal Whitfield,1,2025-11-30
Foothill Sheet Metal - SDR Set 4,2025-10-20,2025-10-26,General Contractor,91000,Discovery,Q4 2025,2025-10-20,Mira Schultz,Harper Lin,1,2025-10-26
Brookline Trades - SDR Set 5,2026-03-16,2026-03-22,Sheet Metal Contractor,71000,Qualification,Q1 2026,2026-03-16,Avery Greene,Tomás Reyes,0,2026-03-22
Tannery Plumbing Co - SDR Set 6,2025-12-14,2025-12-18,Electrical Contractor,52000,Discovery,Q4 2025,2025-12-14,Mira Schultz,Eddie Coleman,0,2025-12-18
Cobalt Plumbing Group - SDR Set 7,2026-04-07,2026-04-19,Plumbing Contractor,83000,Discovery,Q2 2026,2026-04-07,Mira Schultz,Lauren Park,0,2026-04-19
Ironclad Electric - SDR Set 8,2026-05-24,2026-06-02,Electrical Contractor,55000,Discovery,Q2 2026,2026-05-24,Wes Kim,Vikram Patel,0,2026-06-02
Compass Sheet Metal - SDR Set 9,2026-04-24,2026-05-04,Sheet Metal Contractor,76000,Evaluation,Q2 2026,2026-04-24,Wes Kim,Tomás Reyes,1,2026-05-04
Whitestone Electric - SDR Set 10,2026-03-12,2026-03-18,HVAC Contractor,46000,Closed Lost,Q1 2026,2026-03-12,Avery Greene,Lauren Park,0,2026-03-18
Cobalt Plumbing Group - SDR Set 11,2026-03-19,2026-04-01,Specialty Trades,25000,Closed Won,Q1 2026,2026-03-19,Mira Schultz,Vikram Patel,0,2026-04-01
Crescent HVAC Co - SDR Set 12,2026-02-09,2026-02-21,Plumbing Contractor,79000,Discovery,Q1 2026,2026-02-09,Mira Schultz,Caroline Mead,1,2026-02-21
Driftwood Mechanical - SDR Set 13,2026-04-06,2026-04-09,Plumbing Contractor,75000,Qualification,Q2 2026,2026-04-06,Wes Kim,Eddie Coleman,1,2026-04-09
Pinewood Construction Services - SDR Set 14,2025-11-30,2025-12-09,HVAC Contractor,52000,Discovery,Q4 2025,2025-11-30,Mira Schultz,Harper Lin,0,2025-12-09
Northwall Builders - SDR Set 15,2025-11-09,2025-11-12,Specialty Trades,77000,Discovery,Q4 2025,2025-11-09,Mira Schultz,Jamal Whitfield,1,2025-11-12
Atlas Sheet Metal - SDR Set 16,2026-03-14,2026-03-18,HVAC Contractor,72000,Evaluation,Q1 2026,2026-03-14,Wes Kim,Tomás Reyes,1,2026-03-18
Western Ridge Electrical - SDR Set 17,2026-04-19,2026-04-26,HVAC Contractor,77000,Evaluation,Q2 2026,2026-04-19,Wes Kim,Harper Lin,1,2026-04-26
Cornerstone Mechanical - SDR Set 18,2026-06-09,2026-06-15,Mechanical Contractor,71000,Discovery,Q2 2026,2026-06-09,Mira Schultz,Tomás Reyes,1,2026-06-15
Cobalt Plumbing Group - SDR Set 19,2026-04-27,2026-04-30,HVAC Contractor,34000,Closed Won,Q2 2026,2026-04-27,Wes Kim,Lauren Park,0,2026-04-30
Sentinel HVAC - SDR Set 20,2026-04-08,2026-04-12,General Contractor,94000,Discovery,Q2 2026,2026-04-08,Avery Greene,Lauren Park,1,2026-04-12
Western Ridge Electrical - SDR Set 21,2026-04-19,2026-04-26,Electrical Contractor,53000,Discovery,Q2 2026,2026-04-19,Mira Schultz,Harper Lin,1,2026-04-26
Tannery Plumbing Co - SDR Set 22,2026-02-15,2026-02-21,HVAC Contractor,99000,Evaluation,Q1 2026,2026-02-15,Avery Greene,Vikram Patel,0,2026-02-21
Western Ridge Electrical - SDR Set 23,2025-11-03,2025-11-17,Industrial Services,52000,Qualification,Q4 2025,2025-11-03,Wes Kim,Lauren Park,0,2025-11-17
Pinewood Construction Services - SDR Set 24,2026-06-09,2026-06-21,Sheet Metal Contractor,72000,Discovery,Q2 2026,2026-06-09,Avery Greene,Eddie Coleman,0,2026-06-21
Beacon Industrial - SDR Set 25,2025-12-13,2025-12-17,Industrial Services,80000,Qualification,Q4 2025,2025-12-13,Wes Kim,Vikram Patel,1,2025-12-17
Beacon Industrial - SDR Set 26,2025-11-24,2025-12-05,Mechanical Contractor,57000,Evaluation,Q4 2025,2025-11-24,Avery Greene,Eddie Coleman,1,2025-12-05
Magnolia Builders - SDR Set 27,2026-05-09,2026-05-22,General Contractor,53000,Discovery,Q2 2026,2026-05-09,Wes Kim,Harper Lin,1,2026-05-22
Anchor Plumbing - SDR Set 28,2025-12-03,2025-12-12,Sheet Metal Contractor,28000,Evaluation,Q4 2025,2025-12-03,Wes Kim,Harper Lin,0,2025-12-12
Whitestone Electric - SDR Set 29,2026-03-18,2026-03-23,Sheet Metal Contractor,59000,Qualification,Q1 2026,2026-03-18,Wes Kim,Jamal Whitfield,1,2026-03-23
Cornerstone Mechanical - SDR Set 30,2026-01-04,2026-01-12,General Contractor,25000,Qualification,Q1 2026,2026-01-04,Avery Greene,Caroline Mead,1,2026-01-12
Summit Electric Inc - SDR Set 31,2026-04-27,2026-05-07,Sheet Metal Contractor,53000,Qualification,Q2 2026,2026-04-27,Wes Kim,Jamal Whitfield,0,2026-05-07
Highline HVAC - SDR Set 32,2026-04-29,2026-05-06,Electrical Contractor,74000,Discovery,Q2 2026,2026-04-29,Wes Kim,Tomás Reyes,1,2026-05-06
Cobalt Plumbing Group - SDR Set 33,2025-11-29,2025-12-07,Mechanical Contractor,74000,Discovery,Q4 2025,2025-11-29,Mira Schultz,Harper Lin,1,2025-12-07
Compass Sheet Metal - SDR Set 34,2025-12-27,2026-01-06,Sheet Metal Contractor,59000,Closed Won,Q4 2025,2025-12-27,Wes Kim,Jamal Whitfield,1,2026-01-06
Steeplechase Electric - SDR Set 35,2025-11-30,2025-12-08,Plumbing Contractor,78000,Qualification,Q4 2025,2025-11-30,Wes Kim,Tomás Reyes,1,2025-12-08
Anchor Plumbing - SDR Set 36,2026-02-03,2026-02-08,Plumbing Contractor,51000,Discovery,Q1 2026,2026-02-03,Avery Greene,Jamal Whitfield,0,2026-02-08
Western Ridge Electrical - SDR Set 37,2026-03-01,2026-03-09,General Contractor,46000,Discovery,Q1 2026,2026-03-01,Wes Kim,Vikram Patel,1,2026-03-09
Crescent HVAC Co - SDR Set 38,2026-02-19,2026-02-24,Sheet Metal Contractor,25000,Closed Won,Q1 2026,2026-02-19,Wes Kim,Vikram Patel,0,2026-02-24
Compass Sheet Metal - SDR Set 39,2025-10-13,2025-10-27,Electrical Contractor,97000,Discovery,Q4 2025,2025-10-13,Mira Schultz,Tomás Reyes,0,2025-10-27
Anchor Plumbing - SDR Set 40,2025-12-16,2025-12-27,Electrical Contractor,46000,Qualification,Q4 2025,2025-12-16,Avery Greene,Eddie Coleman,0,2025-12-27
Briarcliff Trades - SDR Set 41,2026-05-25,2026-06-01,HVAC Contractor,73000,Closed Won,Q2 2026,2026-05-25,Wes Kim,Jamal Whitfield,1,2026-06-01
Ironclad Electric - SDR Set 42,2026-04-12,2026-04-20,Plumbing Contractor,77000,Evaluation,Q2 2026,2026-04-12,Wes Kim,Vikram Patel,1,2026-04-20
Granite Industrial Services - SDR Set 43,2026-05-29,2026-06-05,HVAC Contractor,34000,Closed Won,Q2 2026,2026-05-29,Avery Greene,Lauren Park,1,2026-06-05
Ironclad Electric - SDR Set 44,2026-03-21,2026-04-03,General Contractor,76000,Evaluation,Q1 2026,2026-03-21,Avery Greene,Jamal Whitfield,1,2026-04-03
Crescent HVAC Co - SDR Set 45,2025-11-15,2025-11-24,Electrical Contractor,77000,Evaluation,Q4 2025,2025-11-15,Mira Schultz,Lauren Park,0,2025-11-24
Steeplechase Electric - SDR Set 46,2026-03-11,2026-03-21,General Contractor,73000,Qualification,Q1 2026,2026-03-11,Mira Schultz,Lauren Park,1,2026-03-21
Foothill Sheet Metal - SDR Set 47,2026-01-30,2026-02-11,Plumbing Contractor,28000,Qualification,Q1 2026,2026-01-30,Avery Greene,Jamal Whitfield,1,2026-02-11
Pinewood Construction Services - SDR Set 48,2026-01-08,2026-01-16,Plumbing Contractor,64000,Qualification,Q1 2026,2026-01-08,Avery Greene,Caroline Mead,1,2026-01-16
Cornerstone Mechanical - SDR Set 49,2026-03-05,2026-03-17,Mechanical Contractor,17000,Evaluation,Q1 2026,2026-03-05,Wes Kim,Jamal Whitfield,1,2026-03-17
Cascade Mechanical - SDR Set 50,2025-10-11,2025-10-16,Mechanical Contractor,86000,Evaluation,Q4 2025,2025-10-11,Wes Kim,Lauren Park,1,2025-10-16
Northwall Builders - SDR Set 51,2026-04-24,2026-04-29,Plumbing Contractor,60000,Evaluation,Q2 2026,2026-04-24,Avery Greene,Lauren Park,1,2026-04-29
Northwall Builders - SDR Set 52,2025-10-30,2025-11-07,Mechanical Contractor,50000,Closed Lost,Q4 2025,2025-10-30,Mira Schultz,Caroline Mead,1,2025-11-07
Cornerstone Mechanical - SDR Set 53,2025-11-08,2025-11-20,Industrial Services,73000,Evaluation,Q4 2025,2025-11-08,Wes Kim,Tomás Reyes,1,2025-11-20
Northwall Builders - SDR Set 54,2025-11-19,2025-11-23,Electrical Contractor,17000,Qualification,Q4 2025,2025-11-19,Mira Schultz,Lauren Park,0,2025-11-23
Ironclad Electric - SDR Set 55,2026-01-12,2026-01-24,HVAC Contractor,87000,Discovery,Q1 2026,2026-01-12,Avery Greene,Jamal Whitfield,0,2026-01-24
Compass Sheet Metal - SDR Set 56,2026-04-25,2026-04-30,Electrical Contractor,81000,Qualification,Q2 2026,2026-04-25,Wes Kim,Vikram Patel,1,2026-04-30
Pinewood Construction Services - SDR Set 57,2026-02-01,2026-02-11,Sheet Metal Contractor,90000,Qualification,Q1 2026,2026-02-01,Avery Greene,Harper Lin,1,2026-02-11
Foothill Sheet Metal - SDR Set 58,2025-10-11,2025-10-23,Specialty Trades,37000,Evaluation,Q4 2025,2025-10-11,Avery Greene,Vikram Patel,1,2025-10-23
Cornerstone Mechanical - SDR Set 59,2026-02-14,2026-02-22,HVAC Contractor,72000,Discovery,Q1 2026,2026-02-14,Wes Kim,Eddie Coleman,1,2026-02-22
Granite Industrial Services - SDR Set 60,2026-01-16,2026-01-19,Plumbing Contractor,81000,Closed Won,Q1 2026,2026-01-16,Wes Kim,Tomás Reyes,1,2026-01-19
Driftwood Mechanical - SDR Set 61,2026-04-24,2026-05-03,Industrial Services,65000,Evaluation,Q2 2026,2026-04-24,Avery Greene,Jamal Whitfield,1,2026-05-03
Compass Sheet Metal - SDR Set 62,2026-02-10,2026-02-20,HVAC Contractor,74000,Discovery,Q1 2026,2026-02-10,Mira Schultz,Caroline Mead,0,2026-02-20
Heritage Mechanical - SDR Set 63,2026-04-30,2026-05-11,Industrial Services,61000,Discovery,Q2 2026,2026-04-30,Wes Kim,Vikram Patel,0,2026-05-11
Cornerstone Mechanical - SDR Set 64,2025-10-22,2025-11-05,HVAC Contractor,69000,Qualification,Q4 2025,2025-10-22,Avery Greene,Jamal Whitfield,1,2025-11-05
Tannery Plumbing Co - SDR Set 65,2026-03-04,2026-03-17,Sheet Metal Contractor,49000,Evaluation,Q1 2026,2026-03-04,Mira Schultz,Jamal Whitfield,0,2026-03-17
Granite Industrial Services - SDR Set 66,2025-11-29,2025-12-10,Industrial Services,15000,Discovery,Q4 2025,2025-11-29,Wes Kim,Lauren Park,0,2025-12-10
Driftwood Mechanical - SDR Set 67,2026-04-10,2026-04-23,Electrical Contractor,72000,Evaluation,Q2 2026,2026-04-10,Mira Schultz,Harper Lin,1,2026-04-23
Tannery Plumbing Co - SDR Set 68,2025-10-19,2025-10-27,Mechanical Contractor,84000,Evaluation,Q4 2025,2025-10-19,Mira Schultz,Vikram Patel,1,2025-10-27
Anchor Plumbing - SDR Set 69,2025-11-13,2025-11-17,Electrical Contractor,74000,Qualification,Q4 2025,2025-11-13,Avery Greene,Caroline Mead,1,2025-11-17
Compass Sheet Metal - SDR Set 70,2026-04-29,2026-05-04,Specialty Trades,76000,Discovery,Q2 2026,2026-04-29,Avery Greene,Harper Lin,1,2026-05-04
Foothill Sheet Metal - SDR Set 71,2026-06-06,2026-06-18,Mechanical Contractor,93000,Qualification,Q2 2026,2026-06-06,Wes Kim,Vikram Patel,0,2026-06-18
Western Ridge Electrical - SDR Set 72,2026-02-05,2026-02-14,HVAC Contractor,85000,Discovery,Q1 2026,2026-02-05,Mira Schultz,Jamal Whitfield,1,2026-02-14
Atlas Sheet Metal - SDR Set 73,2025-12-07,2025-12-13,Industrial Services,17000,Qualification,Q4 2025,2025-12-07,Mira Schultz,Caroline Mead,1,2025-12-13
Pinewood Construction Services - SDR Set 74,2025-11-23,2025-11-26,Electrical Contractor,93000,Discovery,Q4 2025,2025-11-23,Avery Greene,Tomás Reyes,1,2025-11-26
Pinewood Construction Services - SDR Set 75,2026-04-10,2026-04-18,Industrial Services,38000,Discovery,Q2 2026,2026-04-10,Wes Kim,Harper Lin,1,2026-04-18
Foothill Sheet Metal - SDR Set 76,2026-03-19,2026-03-31,Electrical Contractor,23000,Qualification,Q1 2026,2026-03-19,Wes Kim,Jamal Whitfield,0,2026-03-31
Heritage Mechanical - SDR Set 77,2026-05-19,2026-06-02,Plumbing Contractor,34000,Discovery,Q2 2026,2026-05-19,Avery Greene,Harper Lin,1,2026-06-02
Pinewood Construction Services - SDR Set 78,2026-05-05,2026-05-08,HVAC Contractor,82000,Qualification,Q2 2026,2026-05-05,Avery Greene,Eddie Coleman,1,2026-05-08
Whitestone Electric - SDR Set 79,2025-12-07,2025-12-18,Electrical Contractor,97000,Closed Lost,Q4 2025,2025-12-07,Mira Schultz,Lauren Park,0,2025-12-18
Sentinel HVAC - SDR Set 80,2026-01-26,2026-01-31,General Contractor,93000,Discovery,Q1 2026,2026-01-26,Wes Kim,Tomás Reyes,0,2026-01-31
Pinewood Construction Services - SDR Set 81,2025-11-17,2025-11-25,Plumbing Contractor,18000,Qualification,Q4 2025,2025-11-17,Mira Schultz,Vikram Patel,1,2025-11-25
Summit Electric Inc - SDR Set 82,2026-02-07,2026-02-12,Specialty Trades,86000,Evaluation,Q1 2026,2026-02-07,Mira Schultz,Harper Lin,0,2026-02-12
Ironclad Electric - SDR Set 83,2025-11-03,2025-11-10,HVAC Contractor,16000,Closed Won,Q4 2025,2025-11-03,Wes Kim,Tomás Reyes,0,2025-11-10
Northwall Builders - SDR Set 84,2026-02-09,2026-02-22,Electrical Contractor,29000,Discovery,Q1 2026,2026-02-09,Avery Greene,Jamal Whitfield,0,2026-02-22
Lakefront Mechanical - SDR Set 85,2026-01-11,2026-01-15,Specialty Trades,44000,Qualification,Q1 2026,2026-01-11,Avery Greene,Harper Lin,0,2026-01-15
Riverbend Plumbing - SDR Set 86,2026-01-31,2026-02-08,Specialty Trades,17000,Closed Won,Q1 2026,2026-01-31,Mira Schultz,Tomás Reyes,1,2026-02-08
Northwall Builders - SDR Set 87,2026-01-06,2026-01-14,General Contractor,24000,Discovery,Q1 2026,2026-01-06,Mira Schultz,Tomás Reyes,1,2026-01-14
Cobalt Plumbing Group - SDR Set 88,2026-02-23,2026-03-06,HVAC Contractor,33000,Qualification,Q1 2026,2026-02-23,Avery Greene,Tomás Reyes,0,2026-03-06
Foothill Sheet Metal - SDR Set 89,2026-04-09,2026-04-21,Sheet Metal Contractor,22000,Closed Lost,Q2 2026,2026-04-09,Wes Kim,Caroline Mead,1,2026-04-21
Highline HVAC - SDR Set 90,2026-01-03,2026-01-12,Sheet Metal Contractor,66000,Discovery,Q1 2026,2026-01-03,Mira Schultz,Caroline Mead,0,2026-01-12
Northwall Builders - SDR Set 91,2026-04-30,2026-05-05,HVAC Contractor,60000,Qualification,Q2 2026,2026-04-30,Wes Kim,Harper Lin,0,2026-05-05
Driftwood Mechanical - SDR Set 92,2026-06-05,2026-06-09,General Contractor,34000,Qualification,Q2 2026,2026-06-05,Mira Schultz,Eddie Coleman,0,2026-06-09
Briarcliff Trades - SDR Set 93,2026-01-13,2026-01-22,Mechanical Contractor,81000,Evaluation,Q1 2026,2026-01-13,Mira Schultz,Jamal Whitfield,1,2026-01-22
Cobalt Plumbing Group - SDR Set 94,2025-11-19,2025-11-22,Sheet Metal Contractor,36000,Qualification,Q4 2025,2025-11-19,Avery Greene,Tomás Reyes,0,2025-11-22
Cobalt Plumbing Group - SDR Set 95,2026-05-12,2026-05-16,HVAC Contractor,44000,Qualification,Q2 2026,2026-05-12,Avery Greene,Eddie Coleman,1,2026-05-16
Lakefront Mechanical - SDR Set 96,2026-05-05,2026-05-15,Sheet Metal Contractor,81000,Discovery,Q2 2026,2026-05-05,Mira Schultz,Caroline Mead,1,2026-05-15
Compass Sheet Metal - SDR Set 97,2026-04-09,2026-04-21,General Contractor,33000,Evaluation,Q2 2026,2026-04-09,Avery Greene,Eddie Coleman,1,2026-04-21
Brookline Trades - SDR Set 98,2026-01-26,2026-02-07,Sheet Metal Contractor,99000,Discovery,Q1 2026,2026-01-26,Avery Greene,Eddie Coleman,1,2026-02-07
Pinewood Construction Services - SDR Set 99,2026-02-06,2026-02-20,Sheet Metal Contractor,25000,Discovery,Q1 2026,2026-02-06,Mira Schultz,Lauren Park,1,2026-02-20
Crescent HVAC Co - SDR Set 100,2026-03-29,2026-04-10,HVAC Contractor,87000,Qualification,Q1 2026,2026-03-29,Avery Greene,Lauren Park,1,2026-04-10
Riverbend Plumbing - SDR Set 101,2026-03-01,2026-03-15,Specialty Trades,23000,Qualification,Q1 2026,2026-03-01,Wes Kim,Lauren Park,1,2026-03-15
Highline HVAC - SDR Set 102,2026-02-05,2026-02-12,Specialty Trades,87000,Evaluation,Q1 2026,2026-02-05,Avery Greene,Eddie Coleman,1,2026-02-12
Northwall Builders - SDR Set 103,2025-10-29,2025-11-03,Electrical Contractor,94000,Evaluation,Q4 2025,2025-10-29,Avery Greene,Harper Lin,0,2025-11-03
Granite Industrial Services - SDR Set 104,2026-02-12,2026-02-15,Specialty Trades,50000,Discovery,Q1 2026,2026-02-12,Wes Kim,Lauren Park,1,2026-02-15
Atlas Sheet Metal - SDR Set 105,2025-10-11,2025-10-17,Mechanical Contractor,27000,Qualification,Q4 2025,2025-10-11,Avery Greene,Tomás Reyes,0,2025-10-17
Atlas Sheet Metal - SDR Set 106,2026-04-22,2026-04-25,Specialty Trades,75000,Discovery,Q2 2026,2026-04-22,Avery Greene,Vikram Patel,0,2026-04-25
Crescent HVAC Co - SDR Set 107,2026-01-21,2026-01-29,Mechanical Contractor,66000,Closed Won,Q1 2026,2026-01-21,Avery Greene,Harper Lin,1,2026-01-29
Whitestone Electric - SDR Set 108,2026-01-05,2026-01-12,Plumbing Contractor,49000,Qualification,Q1 2026,2026-01-05,Avery Greene,Lauren Park,0,2026-01-12
Heritage Mechanical - SDR Set 109,2026-04-23,2026-05-02,Plumbing Contractor,48000,Closed Lost,Q2 2026,2026-04-23,Mira Schultz,Harper Lin,0,2026-05-02
Lakefront Mechanical - SDR Set 110,2025-10-13,2025-10-24,Specialty Trades,72000,Qualification,Q4 2025,2025-10-13,Wes Kim,Tomás Reyes,1,2025-10-24
Sentinel HVAC - SDR Set 111,2026-01-19,2026-01-24,Electrical Contractor,57000,Qualification,Q1 2026,2026-01-19,Wes Kim,Eddie Coleman,1,2026-01-24
Beacon Industrial - SDR Set 112,2025-11-11,2025-11-22,Plumbing Contractor,47000,Discovery,Q4 2025,2025-11-11,Mira Schultz,Jamal Whitfield,0,2025-11-22
Magnolia Builders - SDR Set 113,2026-03-25,2026-04-04,Industrial Services,40000,Closed Won,Q1 2026,2026-03-25,Avery Greene,Harper Lin,0,2026-04-04
Cornerstone Mechanical - SDR Set 114,2026-03-12,2026-03-24,General Contractor,91000,Discovery,Q1 2026,2026-03-12,Avery Greene,Caroline Mead,1,2026-03-24
Summit Electric Inc - SDR Set 115,2026-02-21,2026-02-26,Mechanical Contractor,73000,Discovery,Q1 2026,2026-02-21,Mira Schultz,Eddie Coleman,0,2026-02-26
Summit Electric Inc - SDR Set 116,2026-05-15,2026-05-18,Plumbing Contractor,23000,Closed Lost,Q2 2026,2026-05-15,Mira Schultz,Tomás Reyes,0,2026-05-18
Cobalt Plumbing Group - SDR Set 117,2026-06-07,2026-06-11,Mechanical Contractor,69000,Closed Lost,Q2 2026,2026-06-07,Mira Schultz,Vikram Patel,0,2026-06-11
Whitestone Electric - SDR Set 118,2026-02-01,2026-02-13,Electrical Contractor,91000,Qualification,Q1 2026,2026-02-01,Avery Greene,Harper Lin,0,2026-02-13
Ironclad Electric - SDR Set 119,2026-01-10,2026-01-17,Electrical Contractor,58000,Evaluation,Q1 2026,2026-01-10,Avery Greene,Jamal Whitfield,1,2026-01-17
Magnolia Builders - SDR Set 120,2026-03-11,2026-03-15,Plumbing Contractor,48000,Qualification,Q1 2026,2026-03-11,Wes Kim,Vikram Patel,0,2026-03-15
Pinewood Construction Services - SDR Set 121,2026-06-11,2026-06-20,Plumbing Contractor,76000,Qualification,Q2 2026,2026-06-11,Mira Schultz,Lauren Park,1,2026-06-20
Ironclad Electric - SDR Set 122,2025-10-09,2025-10-20,Mechanical Contractor,51000,Evaluation,Q4 2025,2025-10-09,Wes Kim,Caroline Mead,1,2025-10-20
Granite Industrial Services - SDR Set 123,2025-10-27,2025-11-05,Plumbing Contractor,75000,Closed Won,Q4 2025,2025-10-27,Wes Kim,Harper Lin,1,2025-11-05
Riverbend Plumbing - SDR Set 124,2026-01-16,2026-01-19,Mechanical Contractor,44000,Evaluation,Q1 2026,2026-01-16,Wes Kim,Harper Lin,0,2026-01-19
Atlas Sheet Metal - SDR Set 125,2025-10-16,2025-10-25,HVAC Contractor,84000,Closed Won,Q4 2025,2025-10-16,Wes Kim,Tomás Reyes,1,2025-10-25
Crescent HVAC Co - SDR Set 126,2026-06-02,2026-06-12,Mechanical Contractor,44000,Qualification,Q2 2026,2026-06-02,Mira Schultz,Caroline Mead,0,2026-06-12
Foothill Sheet Metal - SDR Set 127,2025-10-26,2025-11-05,General Contractor,77000,Discovery,Q4 2025,2025-10-26,Wes Kim,Harper Lin,0,2025-11-05
Heritage Mechanical - SDR Set 128,2026-02-22,2026-03-02,Mechanical Contractor,62000,Qualification,Q1 2026,2026-02-22,Wes Kim,Tomás Reyes,1,2026-03-02
Cascade Mechanical - SDR Set 129,2026-05-17,2026-05-25,Specialty Trades,25000,Discovery,Q2 2026,2026-05-17,Avery Greene,Caroline Mead,1,2026-05-25
Cascade Mechanical - SDR Set 130,2026-01-22,2026-01-29,Sheet Metal Contractor,18000,Qualification,Q1 2026,2026-01-22,Avery Greene,Vikram Patel,0,2026-01-29
Lakefront Mechanical - SDR Set 131,2026-02-05,2026-02-09,Specialty Trades,95000,Discovery,Q1 2026,2026-02-05,Mira Schultz,Jamal Whitfield,0,2026-02-09
Crescent HVAC Co - SDR Set 132,2026-03-30,2026-04-11,Electrical Contractor,47000,Discovery,Q1 2026,2026-03-30,Avery Greene,Jamal Whitfield,0,2026-04-11
Northwall Builders - SDR Set 133,2026-01-14,2026-01-23,Industrial Services,97000,Qualification,Q1 2026,2026-01-14,Mira Schultz,Vikram Patel,0,2026-01-23
Cobalt Plumbing Group - SDR Set 134,2026-01-28,2026-02-09,General Contractor,20000,Closed Lost,Q1 2026,2026-01-28,Wes Kim,Eddie Coleman,0,2026-02-09
Heritage Mechanical - SDR Set 135,2026-01-29,2026-02-05,Plumbing Contractor,87000,Qualification,Q1 2026,2026-01-29,Wes Kim,Caroline Mead,1,2026-02-05
Magnolia Builders - SDR Set 136,2026-04-13,2026-04-19,Sheet Metal Contractor,91000,Evaluation,Q2 2026,2026-04-13,Wes Kim,Harper Lin,0,2026-04-19
Whitestone Electric - SDR Set 137,2026-05-11,2026-05-18,Industrial Services,49000,Discovery,Q2 2026,2026-05-11,Mira Schultz,Caroline Mead,0,2026-05-18
Pinewood Construction Services - SDR Set 138,2026-04-20,2026-05-04,General Contractor,27000,Qualification,Q2 2026,2026-04-20,Wes Kim,Harper Lin,1,2026-05-04
Atlas Sheet Metal - SDR Set 139,2026-02-07,2026-02-12,HVAC Contractor,16000,Evaluation,Q1 2026,2026-02-07,Avery Greene,Vikram Patel,0,2026-02-12
Sentinel HVAC - SDR Set 140,2026-01-28,2026-02-06,Specialty Trades,20000,Evaluation,Q1 2026,2026-01-28,Avery Greene,Harper Lin,1,2026-02-06
Northwall Builders - SDR Set 141,2025-12-14,2025-12-25,Electrical Contractor,20000,Discovery,Q4 2025,2025-12-14,Mira Schultz,Vikram Patel,0,2025-12-25
Brookline Trades - SDR Set 142,2026-02-14,2026-02-21,HVAC Contractor,43000,Qualification,Q1 2026,2026-02-14,Wes Kim,Eddie Coleman,0,2026-02-21
Highline HVAC - SDR Set 143,2025-12-18,2025-12-29,HVAC Contractor,89000,Closed Won,Q4 2025,2025-12-18,Wes Kim,Eddie Coleman,1,2025-12-29
Foothill Sheet Metal - SDR Set 144,2026-03-29,2026-04-09,Plumbing Contractor,69000,Qualification,Q1 2026,2026-03-29,Wes Kim,Jamal Whitfield,1,2026-04-09
Magnolia Builders - SDR Set 145,2026-03-28,2026-04-10,Mechanical Contractor,95000,Evaluation,Q1 2026,2026-03-28,Wes Kim,Caroline Mead,0,2026-04-10
Briarcliff Trades - SDR Set 146,2025-10-09,2025-10-18,General Contractor,81000,Discovery,Q4 2025,2025-10-09,Avery Greene,Caroline Mead,1,2025-10-18
Heritage Mechanical - SDR Set 147,2026-04-07,2026-04-20,Industrial Services,31000,Qualification,Q2 2026,2026-04-07,Avery Greene,Caroline Mead,1,2026-04-20
Granite Industrial Services - SDR Set 148,2026-03-10,2026-03-23,Sheet Metal Contractor,98000,Qualification,Q1 2026,2026-03-10,Wes Kim,Vikram Patel,0,2026-03-23
Granite Industrial Services - SDR Set 149,2026-05-09,2026-05-20,Mechanical Contractor,36000,Qualification,Q2 2026,2026-05-09,Mira Schultz,Jamal Whitfield,1,2026-05-20
Highline HVAC - SDR Set 150,2026-03-20,2026-03-30,Plumbing Contractor,87000,Qualification,Q1 2026,2026-03-20,Avery Greene,Caroline Mead,1,2026-03-30
Pinewood Construction Services - SDR Set 151,2026-03-19,2026-03-25,Electrical Contractor,46000,Qualification,Q1 2026,2026-03-19,Mira Schultz,Vikram Patel,1,2026-03-25
Cobalt Plumbing Group - SDR Set 152,2026-05-02,2026-05-06,General Contractor,83000,Discovery,Q2 2026,2026-05-02,Avery Greene,Caroline Mead,1,2026-05-06
Driftwood Mechanical - SDR Set 153,2025-12-04,2025-12-09,Mechanical Contractor,24000,Qualification,Q4 2025,2025-12-04,Mira Schultz,Eddie Coleman,1,2025-12-09
Cascade Mechanical - SDR Set 154,2026-06-04,2026-06-09,HVAC Contractor,35000,Qualification,Q2 2026,2026-06-04,Wes Kim,Harper Lin,0,2026-06-09
Briarcliff Trades - SDR Set 155,2026-03-01,2026-03-05,Plumbing Contractor,91000,Evaluation,Q1 2026,2026-03-01,Mira Schultz,Lauren Park,1,2026-03-05
Driftwood Mechanical - SDR Set 156,2025-10-08,2025-10-17,HVAC Contractor,22000,Discovery,Q4 2025,2025-10-08,Mira Schultz,Tomás Reyes,1,2025-10-17
Driftwood Mechanical - SDR Set 157,2026-03-15,2026-03-25,Plumbing Contractor,96000,Closed Won,Q1 2026,2026-03-15,Avery Greene,Harper Lin,1,2026-03-25
Granite Industrial Services - SDR Set 158,2025-12-17,2025-12-22,General Contractor,65000,Discovery,Q4 2025,2025-12-17,Avery Greene,Tomás Reyes,1,2025-12-22
Pinewood Construction Services - SDR Set 159,2025-12-20,2026-01-03,HVAC Contractor,24000,Qualification,Q4 2025,2025-12-20,Mira Schultz,Lauren Park,0,2026-01-03
Cascade Mechanical - SDR Set 160,2025-12-16,2025-12-26,General Contractor,56000,Discovery,Q4 2025,2025-12-16,Mira Schultz,Eddie Coleman,1,2025-12-26
Steeplechase Electric - SDR Set 161,2026-04-26,2026-05-05,Specialty Trades,70000,Qualification,Q2 2026,2026-04-26,Avery Greene,Jamal Whitfield,0,2026-05-05
Crescent HVAC Co - SDR Set 162,2026-04-27,2026-05-01,Industrial Services,57000,Discovery,Q2 2026,2026-04-27,Mira Schultz,Jamal Whitfield,1,2026-05-01
Tannery Plumbing Co - SDR Set 163,2026-01-30,2026-02-12,General Contractor,42000,Qualification,Q1 2026,2026-01-30,Wes Kim,Harper Lin,1,2026-02-12
Highline HVAC - SDR Set 164,2025-10-16,2025-10-28,HVAC Contractor,76000,Qualification,Q4 2025,2025-10-16,Wes Kim,Harper Lin,0,2025-10-28
Lakefront Mechanical - SDR Set 165,2025-10-16,2025-10-26,HVAC Contractor,19000,Discovery,Q4 2025,2025-10-16,Avery Greene,Jamal Whitfield,0,2025-10-26
Beacon Industrial - SDR Set 166,2026-04-14,2026-04-21,Electrical Contractor,35000,Evaluation,Q2 2026,2026-04-14,Wes Kim,Lauren Park,0,2026-04-21
Steeplechase Electric - SDR Set 167,2026-05-16,2026-05-20,General Contractor,70000,Closed Won,Q2 2026,2026-05-16,Wes Kim,Vikram Patel,0,2026-05-20
Cascade Mechanical - SDR Set 168,2025-11-24,2025-11-29,General Contractor,83000,Closed Won,Q4 2025,2025-11-24,Wes Kim,Eddie Coleman,1,2025-11-29
Sentinel HVAC - SDR Set 169,2026-01-26,2026-01-29,Electrical Contractor,33000,Discovery,Q1 2026,2026-01-26,Avery Greene,Lauren Park,1,2026-01-29
Lakefront Mechanical - SDR Set 170,2026-04-16,2026-04-23,Plumbing Contractor,77000,Evaluation,Q2 2026,2026-04-16,Wes Kim,Eddie Coleman,0,2026-04-23
Western Ridge Electrical - SDR Set 171,2025-11-29,2025-12-12,Mechanical Contractor,68000,Closed Lost,Q4 2025,2025-11-29,Wes Kim,Tomás Reyes,0,2025-12-12
Brookline Trades - SDR Set 172,2025-12-25,2026-01-05,Sheet Metal Contractor,50000,Evaluation,Q4 2025,2025-12-25,Wes Kim,Vikram Patel,1,2026-01-05
Beacon Industrial - SDR Set 173,2026-01-01,2026-01-08,Specialty Trades,32000,Evaluation,Q1 2026,2026-01-01,Wes Kim,Jamal Whitfield,0,2026-01-08
Brookline Trades - SDR Set 174,2025-10-13,2025-10-17,Plumbing Contractor,69000,Discovery,Q4 2025,2025-10-13,Avery Greene,Harper Lin,1,2025-10-17
Driftwood Mechanical - SDR Set 175,2025-11-14,2025-11-24,HVAC Contractor,57000,Closed Won,Q4 2025,2025-11-14,Avery Greene,Eddie Coleman,1,2025-11-24
Summit Electric Inc - SDR Set 176,2026-05-17,2026-05-20,Industrial Services,84000,Qualification,Q2 2026,2026-05-17,Wes Kim,Tomás Reyes,0,2026-05-20
Driftwood Mechanical - SDR Set 177,2026-05-03,2026-05-17,Plumbing Contractor,20000,Discovery,Q2 2026,2026-05-03,Wes Kim,Lauren Park,1,2026-05-17
Steeplechase Electric - SDR Set 178,2026-04-20,2026-04-28,Plumbing Contractor,19000,Discovery,Q2 2026,2026-04-20,Mira Schultz,Jamal Whitfield,0,2026-04-28
Crescent HVAC Co - SDR Set 179,2025-12-11,2025-12-19,Industrial Services,19000,Discovery,Q4 2025,2025-12-11,Avery Greene,Caroline Mead,1,2025-12-19
Ironclad Electric - SDR Set 180,2025-12-10,2025-12-22,Electrical Contractor,39000,Qualification,Q4 2025,2025-12-10,Avery Greene,Jamal Whitfield,0,2025-12-22
Riverbend Plumbing - SDR Set 181,2026-01-04,2026-01-09,General Contractor,64000,Qualification,Q1 2026,2026-01-04,Mira Schultz,Tomás Reyes,0,2026-01-09
Whitestone Electric - SDR Set 182,2025-11-07,2025-11-19,Sheet Metal Contractor,26000,Discovery,Q4 2025,2025-11-07,Mira Schultz,Tomás Reyes,0,2025-11-19
Granite Industrial Services - SDR Set 183,2025-11-12,2025-11-25,Plumbing Contractor,92000,Discovery,Q4 2025,2025-11-12,Mira Schultz,Tomás Reyes,1,2025-11-25
Briarcliff Trades - SDR Set 184,2025-12-08,2025-12-11,General Contractor,88000,Discovery,Q4 2025,2025-12-08,Avery Greene,Eddie Coleman,1,2025-12-11
Ironclad Electric - SDR Set 185,2025-11-11,2025-11-21,Electrical Contractor,72000,Evaluation,Q4 2025,2025-11-11,Avery Greene,Jamal Whitfield,1,2025-11-21
Ironclad Electric - SDR Set 186,2025-11-18,2025-11-24,General Contractor,28000,Discovery,Q4 2025,2025-11-18,Mira Schultz,Jamal Whitfield,1,2025-11-24
Compass Sheet Metal - SDR Set 187,2025-12-29,2026-01-11,HVAC Contractor,15000,Closed Won,Q4 2025,2025-12-29,Avery Greene,Harper Lin,0,2026-01-11
Steeplechase Electric - SDR Set 188,2026-05-26,2026-06-06,Specialty Trades,78000,Closed Won,Q2 2026,2026-05-26,Avery Greene,Caroline Mead,1,2026-06-06
Northwall Builders - SDR Set 189,2026-02-15,2026-02-18,Industrial Services,51000,Closed Won,Q1 2026,2026-02-15,Wes Kim,Harper Lin,1,2026-02-18
Cornerstone Mechanical - SDR Set 190,2025-12-11,2025-12-21,Specialty Trades,45000,Discovery,Q4 2025,2025-12-11,Mira Schultz,Vikram Patel,1,2025-12-21
Whitestone Electric - SDR Set 191,2026-06-03,2026-06-08,Industrial Services,70000,Evaluation,Q2 2026,2026-06-03,Avery Greene,Tomás Reyes,0,2026-06-08
Briarcliff Trades - SDR Set 192,2026-01-02,2026-01-07,Specialty Trades,21000,Qualification,Q1 2026,2026-01-02,Wes Kim,Eddie Coleman,0,2026-01-07
Compass Sheet Metal - SDR Set 193,2026-03-17,2026-03-30,HVAC Contractor,69000,Discovery,Q1 2026,2026-03-17,Avery Greene,Caroline Mead,0,2026-03-30
Steeplechase Electric - SDR Set 194,2026-02-10,2026-02-19,Industrial Services,33000,Qualification,Q1 2026,2026-02-10,Avery Greene,Vikram Patel,0,2026-02-19
Compass Sheet Metal - SDR Set 195,2026-01-02,2026-01-07,Mechanical Contractor,90000,Discovery,Q1 2026,2026-01-02,Mira Schultz,Tomás Reyes,0,2026-01-07
Compass Sheet Metal - SDR Set 196,2026-04-19,2026-04-25,Plumbing Contractor,73000,Evaluation,Q2 2026,2026-04-19,Wes Kim,Vikram Patel,0,2026-04-25
Driftwood Mechanical - SDR Set 197,2025-10-17,2025-10-23,Specialty Trades,74000,Qualification,Q4 2025,2025-10-17,Avery Greene,Jamal Whitfield,1,2025-10-23
Briarcliff Trades - SDR Set 198,2026-01-17,2026-01-20,Sheet Metal Contractor,37000,Closed Won,Q1 2026,2026-01-17,Wes Kim,Harper Lin,1,2026-01-20
Beacon Industrial - SDR Set 199,2026-04-07,2026-04-15,Plumbing Contractor,66000,Evaluation,Q2 2026,2026-04-07,Mira Schultz,Lauren Park,0,2026-04-15
Anchor Plumbing - SDR Set 200,2025-10-25,2025-10-29,Industrial Services,40000,Discovery,Q4 2025,2025-10-25,Avery Greene,Vikram Patel,0,2025-10-29
Crescent HVAC Co - SDR Set 201,2026-03-30,2026-04-08,Mechanical Contractor,66000,Evaluation,Q1 2026,2026-03-30,Mira Schultz,Jamal Whitfield,1,2026-04-08
Lakefront Mechanical - SDR Set 202,2026-04-23,2026-05-07,Specialty Trades,79000,Qualification,Q2 2026,2026-04-23,Mira Schultz,Caroline Mead,0,2026-05-07
Brookline Trades - SDR Set 203,2025-10-06,2025-10-14,Industrial Services,96000,Discovery,Q4 2025,2025-10-06,Mira Schultz,Tomás Reyes,0,2025-10-14
Brookline Trades - SDR Set 204,2025-12-06,2025-12-15,Electrical Contractor,74000,Evaluation,Q4 2025,2025-12-06,Avery Greene,Lauren Park,1,2025-12-15
Atlas Sheet Metal - SDR Set 205,2025-12-07,2025-12-19,Mechanical Contractor,25000,Discovery,Q4 2025,2025-12-07,Mira Schultz,Jamal Whitfield,0,2025-12-19
Riverbend Plumbing - SDR Set 206,2026-06-11,2026-06-21,Electrical Contractor,56000,Discovery,Q2 2026,2026-06-11,Avery Greene,Lauren Park,1,2026-06-21
Granite Industrial Services - SDR Set 207,2026-05-16,2026-05-27,Plumbing Contractor,89000,Evaluation,Q2 2026,2026-05-16,Wes Kim,Tomás Reyes,1,2026-05-27
Brookline Trades - SDR Set 208,2026-01-25,2026-02-05,Industrial Services,22000,Evaluation,Q1 2026,2026-01-25,Mira Schultz,Eddie Coleman,1,2026-02-05
Granite Industrial Services - SDR Set 209,2025-11-10,2025-11-19,Industrial Services,92000,Closed Lost,Q4 2025,2025-11-10,Wes Kim,Vikram Patel,0,2025-11-19
Summit Electric Inc - SDR Set 210,2026-01-09,2026-01-12,Mechanical Contractor,67000,Discovery,Q1 2026,2026-01-09,Avery Greene,Tomás Reyes,0,2026-01-12
Anchor Plumbing - SDR Set 211,2025-12-23,2025-12-31,Electrical Contractor,69000,Evaluation,Q4 2025,2025-12-23,Avery Greene,Lauren Park,1,2025-12-31
Cascade Mechanical - SDR Set 212,2026-01-28,2026-02-04,Electrical Contractor,96000,Evaluation,Q1 2026,2026-01-28,Avery Greene,Jamal Whitfield,0,2026-02-04
Heritage Mechanical - SDR Set 213,2026-05-08,2026-05-17,General Contractor,76000,Qualification,Q2 2026,2026-05-08,Mira Schultz,Harper Lin,1,2026-05-17
Summit Electric Inc - SDR Set 214,2025-12-19,2025-12-23,Industrial Services,49000,Discovery,Q4 2025,2025-12-19,Mira Schultz,Caroline Mead,0,2025-12-23
Steeplechase Electric - SDR Set 215,2026-02-09,2026-02-13,Specialty Trades,52000,Closed Won,Q1 2026,2026-02-09,Mira Schultz,Lauren Park,1,2026-02-13
Riverbend Plumbing - SDR Set 216,2026-04-22,2026-05-05,Sheet Metal Contractor,79000,Discovery,Q2 2026,2026-04-22,Avery Greene,Jamal Whitfield,1,2026-05-05
Western Ridge Electrical - SDR Set 217,2025-10-10,2025-10-16,Sheet Metal Contractor,30000,Evaluation,Q4 2025,2025-10-10,Wes Kim,Eddie Coleman,0,2025-10-16
Driftwood Mechanical - SDR Set 218,2026-04-11,2026-04-23,Industrial Services,32000,Qualification,Q2 2026,2026-04-11,Mira Schultz,Lauren Park,0,2026-04-23
Cornerstone Mechanical - SDR Set 219,2025-11-29,2025-12-07,General Contractor,19000,Evaluation,Q4 2025,2025-11-29,Mira Schultz,Vikram Patel,0,2025-12-07
Lakefront Mechanical - SDR Set 220,2026-05-23,2026-05-29,Specialty Trades,61000,Qualification,Q2 2026,2026-05-23,Mira Schultz,Harper Lin,0,2026-05-29
Anchor Plumbing - SDR Set 221,2026-02-12,2026-02-23,HVAC Contractor,97000,Evaluation,Q1 2026,2026-02-12,Avery Greene,Harper Lin,0,2026-02-23
Whitestone Electric - SDR Set 222,2026-03-05,2026-03-09,HVAC Contractor,33000,Qualification,Q1 2026,2026-03-05,Wes Kim,Jamal Whitfield,1,2026-03-09
Summit Electric Inc - SDR Set 223,2026-03-10,2026-03-19,General Contractor,67000,Discovery,Q1 2026,2026-03-10,Avery Greene,Caroline Mead,1,2026-03-19
Heritage Mechanical - SDR Set 224,2025-10-13,2025-10-20,General Contractor,68000,Qualification,Q4 2025,2025-10-13,Wes Kim,Jamal Whitfield,1,2025-10-20
Sentinel HVAC - SDR Set 225,2026-01-05,2026-01-12,Mechanical Contractor,39000,Discovery,Q1 2026,2026-01-05,Wes Kim,Lauren Park,0,2026-01-12
Tannery Plumbing Co - SDR Set 226,2026-03-09,2026-03-17,HVAC Contractor,25000,Discovery,Q1 2026,2026-03-09,Avery Greene,Harper Lin,0,2026-03-17
Cobalt Plumbing Group - SDR Set 227,2025-10-20,2025-10-25,Electrical Contractor,56000,Discovery,Q4 2025,2025-10-20,Wes Kim,Harper Lin,1,2025-10-25
Anchor Plumbing - SDR Set 228,2025-11-14,2025-11-20,HVAC Contractor,89000,Discovery,Q4 2025,2025-11-14,Wes Kim,Vikram Patel,0,2025-11-20
Riverbend Plumbing - SDR Set 229,2025-12-31,2026-01-09,Electrical Contractor,85000,Closed Won,Q4 2025,2025-12-31,Wes Kim,Harper Lin,0,2026-01-09
Cornerstone Mechanical - SDR Set 230,2025-11-19,2025-11-25,HVAC Contractor,69000,Qualification,Q4 2025,2025-11-19,Avery Greene,Harper Lin,0,2025-11-25
Summit Electric Inc - SDR Set 231,2026-03-30,2026-04-02,Electrical Contractor,59000,Evaluation,Q1 2026,2026-03-30,Mira Schultz,Tomás Reyes,1,2026-04-02
Summit Electric Inc - SDR Set 232,2026-02-11,2026-02-14,HVAC Contractor,54000,Qualification,Q1 2026,2026-02-11,Avery Greene,Lauren Park,0,2026-02-14
Highline HVAC - SDR Set 233,2026-04-10,2026-04-21,Specialty Trades,84000,Evaluation,Q2 2026,2026-04-10,Avery Greene,Harper Lin,1,2026-04-21
Tannery Plumbing Co - SDR Set 234,2026-01-13,2026-01-20,Industrial Services,61000,Evaluation,Q1 2026,2026-01-13,Mira Schultz,Harper Lin,1,2026-01-20
Compass Sheet Metal - SDR Set 235,2025-10-12,2025-10-17,General Contractor,45000,Closed Lost,Q4 2025,2025-10-12,Mira Schultz,Harper Lin,1,2025-10-17
Briarcliff Trades - SDR Set 236,2026-03-18,2026-03-31,General Contractor,65000,Qualification,Q1 2026,2026-03-18,Mira Schultz,Vikram Patel,0,2026-03-31
Pinewood Construction Services - SDR Set 237,2026-03-22,2026-04-03,General Contractor,56000,Evaluation,Q1 2026,2026-03-22,Avery Greene,Tomás Reyes,1,2026-04-03
Highline HVAC - SDR Set 238,2026-02-13,2026-02-18,Industrial Services,59000,Discovery,Q1 2026,2026-02-13,Mira Schultz,Tomás Reyes,1,2026-02-18
Driftwood Mechanical - SDR Set 239,2025-12-15,2025-12-21,General Contractor,29000,Discovery,Q4 2025,2025-12-15,Wes Kim,Lauren Park,1,2025-12-21
Riverbend Plumbing - SDR Set 240,2026-02-16,2026-03-01,HVAC Contractor,100000,Evaluation,Q1 2026,2026-02-16,Mira Schultz,Jamal Whitfield,1,2026-03-01
Magnolia Builders - SDR Set 241,2026-02-22,2026-03-04,Mechanical Contractor,93000,Discovery,Q1 2026,2026-02-22,Wes Kim,Eddie Coleman,1,2026-03-04
Cascade Mechanical - SDR Set 242,2025-11-28,2025-12-07,Specialty Trades,89000,Discovery,Q4 2025,2025-11-28,Wes Kim,Lauren Park,1,2025-12-07
Compass Sheet Metal - SDR Set 243,2026-03-29,2026-04-01,General Contractor,97000,Evaluation,Q1 2026,2026-03-29,Wes Kim,Vikram Patel,1,2026-04-01
Anchor Plumbing - SDR Set 244,2026-04-25,2026-04-29,Mechanical Contractor,69000,Qualification,Q2 2026,2026-04-25,Mira Schultz,Tomás Reyes,0,2026-04-29
Whitestone Electric - SDR Set 245,2025-12-23,2026-01-06,Sheet Metal Contractor,17000,Qualification,Q4 2025,2025-12-23,Avery Greene,Jamal Whitfield,1,2026-01-06
Heritage Mechanical - SDR Set 246,2025-11-07,2025-11-20,Specialty Trades,29000,Qualification,Q4 2025,2025-11-07,Mira Schultz,Jamal Whitfield,0,2025-11-20
Cascade Mechanical - SDR Set 247,2025-11-07,2025-11-11,Specialty Trades,42000,Closed Won,Q4 2025,2025-11-07,Wes Kim,Caroline Mead,0,2025-11-11
Ironclad Electric - SDR Set 248,2026-02-15,2026-02-24,General Contractor,55000,Discovery,Q1 2026,2026-02-15,Avery Greene,Harper Lin,1,2026-02-24
Anchor Plumbing - SDR Set 249,2026-04-12,2026-04-15,Plumbing Contractor,31000,Discovery,Q2 2026,2026-04-12,Mira Schultz,Eddie Coleman,0,2026-04-15
Steeplechase Electric - SDR Set 250,2026-03-13,2026-03-25,Electrical Contractor,72000,Discovery,Q1 2026,2026-03-13,Mira Schultz,Harper Lin,0,2026-03-25
Cascade Mechanical - SDR Set 251,2026-04-09,2026-04-12,Plumbing Contractor,17000,Qualification,Q2 2026,2026-04-09,Avery Greene,Caroline Mead,1,2026-04-12
Beacon Industrial - SDR Set 252,2026-05-12,2026-05-24,HVAC Contractor,35000,Discovery,Q2 2026,2026-05-12,Mira Schultz,Lauren Park,0,2026-05-24
Cascade Mechanical - SDR Set 253,2026-03-23,2026-03-29,General Contractor,75000,Qualification,Q1 2026,2026-03-23,Wes Kim,Lauren Park,1,2026-03-29
Crescent HVAC Co - SDR Set 254,2025-12-14,2025-12-26,Mechanical Contractor,71000,Qualification,Q4 2025,2025-12-14,Avery Greene,Harper Lin,1,2025-12-26
Atlas Sheet Metal - SDR Set 255,2026-04-07,2026-04-10,Specialty Trades,21000,Discovery,Q2 2026,2026-04-07,Wes Kim,Lauren Park,1,2026-04-10
Brookline Trades - SDR Set 256,2025-12-01,2025-12-15,General Contractor,35000,Discovery,Q4 2025,2025-12-01,Avery Greene,Tomás Reyes,0,2025-12-15
Steeplechase Electric - SDR Set 257,2025-12-06,2025-12-10,Mechanical Contractor,44000,Discovery,Q4 2025,2025-12-06,Mira Schultz,Lauren Park,1,2025-12-10
Magnolia Builders - SDR Set 258,2026-04-15,2026-04-22,Specialty Trades,18000,Evaluation,Q2 2026,2026-04-15,Wes Kim,Tomás Reyes,1,2026-04-22
Briarcliff Trades - SDR Set 259,2026-02-06,2026-02-17,General Contractor,31000,Discovery,Q1 2026,2026-02-06,Avery Greene,Jamal Whitfield,1,2026-02-17
Crescent HVAC Co - SDR Set 260,2026-05-27,2026-05-30,Industrial Services,34000,Closed Won,Q2 2026,2026-05-27,Avery Greene,Caroline Mead,1,2026-05-30
Crescent HVAC Co - SDR Set 261,2025-10-06,2025-10-12,General Contractor,62000,Discovery,Q4 2025,2025-10-06,Avery Greene,Eddie Coleman,0,2025-10-12
Beacon Industrial - SDR Set 262,2025-12-25,2026-01-06,Specialty Trades,35000,Discovery,Q4 2025,2025-12-25,Wes Kim,Vikram Patel,1,2026-01-06
Cascade Mechanical - SDR Set 263,2025-11-30,2025-12-05,Industrial Services,24000,Discovery,Q4 2025,2025-11-30,Avery Greene,Eddie Coleman,1,2025-12-05
Cascade Mechanical - SDR Set 264,2025-10-09,2025-10-18,Electrical Contractor,87000,Evaluation,Q4 2025,2025-10-09,Wes Kim,Caroline Mead,0,2025-10-18
Highline HVAC - SDR Set 265,2026-02-02,2026-02-09,Mechanical Contractor,79000,Discovery,Q1 2026,2026-02-02,Wes Kim,Eddie Coleman,1,2026-02-09
Magnolia Builders - SDR Set 266,2025-12-13,2025-12-16,Plumbing Contractor,55000,Closed Lost,Q4 2025,2025-12-13,Mira Schultz,Vikram Patel,1,2025-12-16
Foothill Sheet Metal - SDR Set 267,2025-11-15,2025-11-20,HVAC Contractor,97000,Evaluation,Q4 2025,2025-11-15,Mira Schultz,Eddie Coleman,1,2025-11-20
Briarcliff Trades - SDR Set 268,2026-01-13,2026-01-20,Mechanical Contractor,96000,Qualification,Q1 2026,2026-01-13,Mira Schultz,Caroline Mead,1,2026-01-20
Pinewood Construction Services - SDR Set 269,2026-04-26,2026-05-02,Electrical Contractor,80000,Discovery,Q2 2026,2026-04-26,Mira Schultz,Eddie Coleman,1,2026-05-02
Riverbend Plumbing - SDR Set 270,2025-12-27,2026-01-03,Mechanical Contractor,73000,Discovery,Q4 2025,2025-12-27,Wes Kim,Lauren Park,1,2026-01-03
Highline HVAC - SDR Set 271,2025-12-12,2025-12-24,Industrial Services,52000,Qualification,Q4 2025,2025-12-12,Mira Schultz,Lauren Park,1,2025-12-24
Crescent HVAC Co - SDR Set 272,2026-04-21,2026-04-30,HVAC Contractor,85000,Qualification,Q2 2026,2026-04-21,Wes Kim,Lauren Park,0,2026-04-30
Magnolia Builders - SDR Set 273,2026-05-29,2026-06-11,Industrial Services,55000,Evaluation,Q2 2026,2026-05-29,Avery Greene,Harper Lin,1,2026-06-11
Cascade Mechanical - SDR Set 274,2026-03-31,2026-04-05,Industrial Services,61000,Closed Won,Q1 2026,2026-03-31,Wes Kim,Jamal Whitfield,1,2026-04-05
Pinewood Construction Services - SDR Set 275,2026-02-25,2026-03-09,HVAC Contractor,21000,Closed Lost,Q1 2026,2026-02-25,Avery Greene,Lauren Park,1,2026-03-09
Summit Electric Inc - SDR Set 276,2026-03-12,2026-03-23,Plumbing Contractor,25000,Closed Won,Q1 2026,2026-03-12,Wes Kim,Eddie Coleman,0,2026-03-23
Tannery Plumbing Co - SDR Set 277,2026-02-05,2026-02-13,General Contractor,91000,Discovery,Q1 2026,2026-02-05,Wes Kim,Lauren Park,1,2026-02-13
Ironclad Electric - SDR Set 278,2026-03-16,2026-03-30,Industrial Services,74000,Qualification,Q1 2026,2026-03-16,Wes Kim,Caroline Mead,1,2026-03-30
Highline HVAC - SDR Set 279,2025-10-24,2025-10-29,Electrical Contractor,21000,Discovery,Q4 2025,2025-10-24,Mira Schultz,Eddie Coleman,1,2025-10-29
Granite Industrial Services - SDR Set 280,2026-01-25,2026-02-02,HVAC Contractor,18000,Qualification,Q1 2026,2026-01-25,Mira Schultz,Tomás Reyes,1,2026-02-02
Cascade Mechanical - SDR Set 281,2025-11-09,2025-11-12,Electrical Contractor,54000,Qualification,Q4 2025,2025-11-09,Wes Kim,Tomás Reyes,0,2025-11-12
Riverbend Plumbing - SDR Set 282,2026-03-01,2026-03-14,Plumbing Contractor,57000,Qualification,Q1 2026,2026-03-01,Avery Greene,Tomás Reyes,1,2026-03-14
Beacon Industrial - SDR Set 283,2026-06-06,2026-06-11,Specialty Trades,53000,Qualification,Q2 2026,2026-06-06,Wes Kim,Jamal Whitfield,1,2026-06-11
Crescent HVAC Co - SDR Set 284,2026-04-11,2026-04-16,Sheet Metal Contractor,38000,Evaluation,Q2 2026,2026-04-11,Mira Schultz,Eddie Coleman,1,2026-04-16
Ironclad Electric - SDR Set 285,2026-02-20,2026-03-05,Industrial Services,50000,Qualification,Q1 2026,2026-02-20,Wes Kim,Caroline Mead,1,2026-03-05
Highline HVAC - SDR Set 286,2026-05-01,2026-05-10,HVAC Contractor,97000,Discovery,Q2 2026,2026-05-01,Mira Schultz,Caroline Mead,0,2026-05-10
Sentinel HVAC - SDR Set 287,2026-04-02,2026-04-08,Mechanical Contractor,31000,Closed Lost,Q2 2026,2026-04-02,Wes Kim,Harper Lin,0,2026-04-08
Atlas Sheet Metal - SDR Set 288,2026-05-13,2026-05-26,Plumbing Contractor,43000,Qualification,Q2 2026,2026-05-13,Wes Kim,Eddie Coleman,1,2026-05-26
Briarcliff Trades - SDR Set 289,2026-05-10,2026-05-18,Electrical Contractor,53000,Qualification,Q2 2026,2026-05-10,Avery Greene,Lauren Park,1,2026-05-18
Crescent HVAC Co - SDR Set 290,2025-12-16,2025-12-22,General Contractor,60000,Discovery,Q4 2025,2025-12-16,Avery Greene,Lauren Park,1,2025-12-22
Compass Sheet Metal - SDR Set 291,2025-12-28,2026-01-05,Plumbing Contractor,69000,Discovery,Q4 2025,2025-12-28,Wes Kim,Caroline Mead,0,2026-01-05
Driftwood Mechanical - SDR Set 292,2025-10-18,2025-10-27,Electrical Contractor,44000,Qualification,Q4 2025,2025-10-18,Avery Greene,Caroline Mead,0,2025-10-27
Cornerstone Mechanical - SDR Set 293,2025-11-19,2025-12-03,General Contractor,25000,Qualification,Q4 2025,2025-11-19,Avery Greene,Harper Lin,1,2025-12-03
Highline HVAC - SDR Set 294,2026-06-04,2026-06-11,Industrial Services,36000,Qualification,Q2 2026,2026-06-04,Avery Greene,Tomás Reyes,1,2026-06-11
Riverbend Plumbing - SDR Set 295,2025-12-05,2025-12-09,HVAC Contractor,46000,Qualification,Q4 2025,2025-12-05,Mira Schultz,Lauren Park,1,2025-12-09
Atlas Sheet Metal - SDR Set 296,2025-11-12,2025-11-23,Plumbing Contractor,65000,Discovery,Q4 2025,2025-11-12,Avery Greene,Lauren Park,0,2025-11-23
Whitestone Electric - SDR Set 297,2026-06-12,2026-06-18,Specialty Trades,76000,Discovery,Q2 2026,2026-06-12,Avery Greene,Jamal Whitfield,0,2026-06-18
Cobalt Plumbing Group - SDR Set 298,2026-05-08,2026-05-18,HVAC Contractor,20000,Evaluation,Q2 2026,2026-05-08,Avery Greene,Tomás Reyes,1,2026-05-18
Anchor Plumbing - SDR Set 299,2026-02-08,2026-02-21,Mechanical Contractor,75000,Qualification,Q1 2026,2026-02-08,Wes Kim,Jamal Whitfield,0,2026-02-21
Cornerstone Mechanical - SDR Set 300,2025-11-29,2025-12-02,Mechanical Contractor,90000,Evaluation,Q4 2025,2025-11-29,Avery Greene,Lauren Park,1,2025-12-02
Cascade Mechanical - SDR Set 301,2026-05-26,2026-06-08,General Contractor,64000,Closed Won,Q2 2026,2026-05-26,Avery Greene,Vikram Patel,0,2026-06-08
Whitestone Electric - SDR Set 302,2025-10-26,2025-11-06,Sheet Metal Contractor,22000,Discovery,Q4 2025,2025-10-26,Avery Greene,Caroline Mead,1,2025-11-06
Highline HVAC - SDR Set 303,2026-02-27,2026-03-13,HVAC Contractor,61000,Evaluation,Q1 2026,2026-02-27,Wes Kim,Harper Lin,1,2026-03-13
Briarcliff Trades - SDR Set 304,2025-10-12,2025-10-19,HVAC Contractor,96000,Closed Won,Q4 2025,2025-10-12,Mira Schultz,Tomás Reyes,0,2025-10-19
Magnolia Builders - SDR Set 305,2026-04-08,2026-04-20,Plumbing Contractor,18000,Qualification,Q2 2026,2026-04-08,Mira Schultz,Jamal Whitfield,1,2026-04-20
Cornerstone Mechanical - SDR Set 306,2026-02-11,2026-02-16,Electrical Contractor,52000,Discovery,Q1 2026,2026-02-11,Wes Kim,Lauren Park,1,2026-02-16
Atlas Sheet Metal - SDR Set 307,2026-03-09,2026-03-19,Sheet Metal Contractor,57000,Qualification,Q1 2026,2026-03-09,Wes Kim,Vikram Patel,1,2026-03-19
Granite Industrial Services - SDR Set 308,2025-10-08,2025-10-16,General Contractor,69000,Discovery,Q4 2025,2025-10-08,Wes Kim,Caroline Mead,1,2025-10-16
Magnolia Builders - SDR Set 309,2026-03-09,2026-03-18,Electrical Contractor,50000,Qualification,Q1 2026,2026-03-09,Wes Kim,Lauren Park,0,2026-03-18
Cornerstone Mechanical - SDR Set 310,2025-12-27,2026-01-04,Industrial Services,96000,Discovery,Q4 2025,2025-12-27,Avery Greene,Lauren Park,0,2026-01-04
Beacon Industrial - SDR Set 311,2025-10-17,2025-10-29,Specialty Trades,43000,Evaluation,Q4 2025,2025-10-17,Wes Kim,Harper Lin,0,2025-10-29
Cornerstone Mechanical - SDR Set 312,2026-03-17,2026-03-29,Mechanical Contractor,60000,Discovery,Q1 2026,2026-03-17,Wes Kim,Lauren Park,1,2026-03-29
Summit Electric Inc - SDR Set 313,2026-04-09,2026-04-17,General Contractor,84000,Qualification,Q2 2026,2026-04-09,Mira Schultz,Caroline Mead,1,2026-04-17
Anchor Plumbing - SDR Set 314,2026-02-21,2026-02-25,Electrical Contractor,45000,Qualification,Q1 2026,2026-02-21,Avery Greene,Jamal Whitfield,1,2026-02-25
Pinewood Construction Services - SDR Set 315,2025-11-11,2025-11-24,Electrical Contractor,60000,Discovery,Q4 2025,2025-11-11,Wes Kim,Eddie Coleman,0,2025-11-24
Compass Sheet Metal - SDR Set 316,2026-05-26,2026-05-31,Sheet Metal Contractor,57000,Closed Won,Q2 2026,2026-05-26,Wes Kim,Tomás Reyes,0,2026-05-31
Whitestone Electric - SDR Set 317,2025-12-23,2026-01-02,General Contractor,22000,Discovery,Q4 2025,2025-12-23,Mira Schultz,Lauren Park,0,2026-01-02
Ironclad Electric - SDR Set 318,2026-03-23,2026-04-05,Electrical Contractor,32000,Discovery,Q1 2026,2026-03-23,Wes Kim,Lauren Park,0,2026-04-05
Anchor Plumbing - SDR Set 319,2026-04-24,2026-05-01,Mechanical Contractor,54000,Qualification,Q2 2026,2026-04-24,Avery Greene,Jamal Whitfield,0,2026-05-01
Granite Industrial Services - SDR Set 320,2026-02-18,2026-02-21,Specialty Trades,80000,Discovery,Q1 2026,2026-02-18,Avery Greene,Eddie Coleman,1,2026-02-21
Summit Electric Inc - SDR Set 321,2026-03-14,2026-03-27,Plumbing Contractor,68000,Discovery,Q1 2026,2026-03-14,Wes Kim,Jamal Whitfield,0,2026-03-27
Lakefront Mechanical - SDR Set 322,2026-03-04,2026-03-15,General Contractor,66000,Qualification,Q1 2026,2026-03-04,Mira Schultz,Caroline Mead,1,2026-03-15
Granite Industrial Services - SDR Set 323,2026-01-24,2026-01-27,Electrical Contractor,29000,Discovery,Q1 2026,2026-01-24,Avery Greene,Eddie Coleman,1,2026-01-27
Whitestone Electric - SDR Set 324,2026-04-25,2026-05-06,Electrical Contractor,93000,Closed Won,Q2 2026,2026-04-25,Wes Kim,Jamal Whitfield,1,2026-05-06
Foothill Sheet Metal - SDR Set 325,2026-05-12,2026-05-26,Sheet Metal Contractor,79000,Closed Lost,Q2 2026,2026-05-12,Avery Greene,Jamal Whitfield,0,2026-05-26
Ironclad Electric - SDR Set 326,2026-01-05,2026-01-12,Mechanical Contractor,85000,Evaluation,Q1 2026,2026-01-05,Mira Schultz,Caroline Mead,1,2026-01-12
Cornerstone Mechanical - SDR Set 327,2026-01-07,2026-01-12,General Contractor,96000,Discovery,Q1 2026,2026-01-07,Mira Schultz,Caroline Mead,1,2026-01-12
Crescent HVAC Co - SDR Set 328,2025-11-29,2025-12-06,Plumbing Contractor,31000,Closed Lost,Q4 2025,2025-11-29,Mira Schultz,Caroline Mead,0,2025-12-06
Sentinel HVAC - SDR Set 329,2025-11-17,2025-11-27,Sheet Metal Contractor,67000,Closed Lost,Q4 2025,2025-11-17,Mira Schultz,Caroline Mead,0,2025-11-27
Western Ridge Electrical - SDR Set 330,2026-04-05,2026-04-11,Plumbing Contractor,92000,Evaluation,Q2 2026,2026-04-05,Avery Greene,Eddie Coleman,1,2026-04-11
Beacon Industrial - SDR Set 331,2026-01-25,2026-01-30,Mechanical Contractor,55000,Discovery,Q1 2026,2026-01-25,Mira Schultz,Harper Lin,1,2026-01-30
Steeplechase Electric - SDR Set 332,2026-02-23,2026-03-08,Plumbing Contractor,28000,Discovery,Q1 2026,2026-02-23,Wes Kim,Caroline Mead,1,2026-03-08
Riverbend Plumbing - SDR Set 333,2026-04-13,2026-04-18,Mechanical Contractor,39000,Discovery,Q2 2026,2026-04-13,Avery Greene,Jamal Whitfield,1,2026-04-18
Compass Sheet Metal - SDR Set 334,2025-12-12,2025-12-17,Plumbing Contractor,87000,Discovery,Q4 2025,2025-12-12,Avery Greene,Lauren Park,1,2025-12-17
Whitestone Electric - SDR Set 335,2026-05-26,2026-05-30,General Contractor,99000,Qualification,Q2 2026,2026-05-26,Wes Kim,Jamal Whitfield,1,2026-05-30
Pinewood Construction Services - SDR Set 336,2025-10-27,2025-11-07,Mechanical Contractor,37000,Discovery,Q4 2025,2025-10-27,Wes Kim,Harper Lin,0,2025-11-07
Highline HVAC - SDR Set 337,2025-12-06,2025-12-16,Industrial Services,54000,Closed Won,Q4 2025,2025-12-06,Mira Schultz,Eddie Coleman,0,2025-12-16
Pinewood Construction Services - SDR Set 338,2025-10-24,2025-11-02,Sheet Metal Contractor,40000,Closed Won,Q4 2025,2025-10-24,Avery Greene,Eddie Coleman,0,2025-11-02
Highline HVAC - SDR Set 339,2026-03-15,2026-03-22,Specialty Trades,20000,Qualification,Q1 2026,2026-03-15,Wes Kim,Harper Lin,1,2026-03-22
Cornerstone Mechanical - SDR Set 340,2026-04-22,2026-04-29,Industrial Services,65000,Qualification,Q2 2026,2026-04-22,Mira Schultz,Jamal Whitfield,0,2026-04-29
Driftwood Mechanical - SDR Set 341,2025-11-21,2025-11-28,HVAC Contractor,40000,Discovery,Q4 2025,2025-11-21,Avery Greene,Lauren Park,0,2025-11-28
Atlas Sheet Metal - SDR Set 342,2025-11-07,2025-11-19,Electrical Contractor,29000,Qualification,Q4 2025,2025-11-07,Wes Kim,Harper Lin,0,2025-11-19
Brookline Trades - SDR Set 343,2026-04-05,2026-04-15,HVAC Contractor,92000,Evaluation,Q2 2026,2026-04-05,Wes Kim,Tomás Reyes,1,2026-04-15
Lakefront Mechanical - SDR Set 344,2026-01-06,2026-01-13,Mechanical Contractor,97000,Discovery,Q1 2026,2026-01-06,Avery Greene,Harper Lin,0,2026-01-13
Atlas Sheet Metal - SDR Set 345,2026-03-25,2026-04-04,HVAC Contractor,86000,Evaluation,Q1 2026,2026-03-25,Avery Greene,Caroline Mead,0,2026-04-04
Western Ridge Electrical - SDR Set 346,2026-04-02,2026-04-06,HVAC Contractor,34000,Qualification,Q2 2026,2026-04-02,Wes Kim,Eddie Coleman,0,2026-04-06
Summit Electric Inc - SDR Set 347,2026-01-23,2026-01-29,Industrial Services,63000,Closed Won,Q1 2026,2026-01-23,Wes Kim,Caroline Mead,1,2026-01-29
Brookline Trades - SDR Set 348,2026-04-18,2026-04-25,Mechanical Contractor,70000,Qualification,Q2 2026,2026-04-18,Avery Greene,Harper Lin,0,2026-04-25
Cornerstone Mechanical - SDR Set 349,2026-06-02,2026-06-12,Sheet Metal Contractor,78000,Evaluation,Q2 2026,2026-06-02,Wes Kim,Eddie Coleman,1,2026-06-12
Compass Sheet Metal - SDR Set 350,2026-04-23,2026-04-29,HVAC Contractor,88000,Discovery,Q2 2026,2026-04-23,Avery Greene,Caroline Mead,1,2026-04-29
Steeplechase Electric - SDR Set 351,2026-02-09,2026-02-14,Plumbing Contractor,41000,Qualification,Q1 2026,2026-02-09,Mira Schultz,Caroline Mead,0,2026-02-14
Ironclad Electric - SDR Set 352,2026-01-02,2026-01-05,Plumbing Contractor,71000,Closed Won,Q1 2026,2026-01-02,Avery Greene,Vikram Patel,0,2026-01-05
Steeplechase Electric - SDR Set 353,2026-04-07,2026-04-13,Specialty Trades,43000,Evaluation,Q2 2026,2026-04-07,Wes Kim,Eddie Coleman,0,2026-04-13
Steeplechase Electric - SDR Set 354,2025-12-29,2026-01-11,Plumbing Contractor,78000,Discovery,Q4 2025,2025-12-29,Mira Schultz,Harper Lin,1,2026-01-11
Pinewood Construction Services - SDR Set 355,2026-05-27,2026-05-30,Industrial Services,44000,Discovery,Q2 2026,2026-05-27,Avery Greene,Eddie Coleman,1,2026-05-30
Steeplechase Electric - SDR Set 356,2025-12-23,2025-12-27,Specialty Trades,44000,Discovery,Q4 2025,2025-12-23,Mira Schultz,Tomás Reyes,0,2025-12-27
Beacon Industrial - SDR Set 357,2026-02-07,2026-02-13,Electrical Contractor,52000,Discovery,Q1 2026,2026-02-07,Mira Schultz,Lauren Park,1,2026-02-13
Cascade Mechanical - SDR Set 358,2026-02-03,2026-02-07,Electrical Contractor,56000,Discovery,Q1 2026,2026-02-03,Avery Greene,Eddie Coleman,0,2026-02-07
Heritage Mechanical - SDR Set 359,2025-11-27,2025-12-03,General Contractor,91000,Discovery,Q4 2025,2025-11-27,Mira Schultz,Harper Lin,0,2025-12-03
Highline HVAC - SDR Set 360,2026-01-11,2026-01-24,Specialty Trades,97000,Closed Lost,Q1 2026,2026-01-11,Mira Schultz,Lauren Park,0,2026-01-24
Driftwood Mechanical - SDR Set 361,2025-10-27,2025-11-02,Sheet Metal Contractor,37000,Qualification,Q4 2025,2025-10-27,Mira Schultz,Harper Lin,0,2025-11-02
Granite Industrial Services - SDR Set 362,2026-03-06,2026-03-13,Sheet Metal Contractor,76000,Closed Won,Q1 2026,2026-03-06,Wes Kim,Eddie Coleman,1,2026-03-13
Riverbend Plumbing - SDR Set 363,2025-10-24,2025-11-06,General Contractor,94000,Qualification,Q4 2025,2025-10-24,Avery Greene,Jamal Whitfield,0,2025-11-06
Riverbend Plumbing - SDR Set 364,2026-05-27,2026-05-31,Industrial Services,84000,Discovery,Q2 2026,2026-05-27,Avery Greene,Caroline Mead,1,2026-05-31
Magnolia Builders - SDR Set 365,2026-03-22,2026-03-29,Mechanical Contractor,26000,Discovery,Q1 2026,2026-03-22,Wes Kim,Tomás Reyes,1,2026-03-29
Ironclad Electric - SDR Set 366,2025-10-07,2025-10-17,Plumbing Contractor,24000,Qualification,Q4 2025,2025-10-07,Wes Kim,Lauren Park,0,2025-10-17
Atlas Sheet Metal - SDR Set 367,2025-12-27,2026-01-10,Plumbing Contractor,34000,Evaluation,Q4 2025,2025-12-27,Avery Greene,Lauren Park,1,2026-01-10
Magnolia Builders - SDR Set 368,2026-05-27,2026-06-10,Industrial Services,17000,Qualification,Q2 2026,2026-05-27,Mira Schultz,Jamal Whitfield,0,2026-06-10
Magnolia Builders - SDR Set 369,2026-03-01,2026-03-06,Plumbing Contractor,89000,Discovery,Q1 2026,2026-03-01,Avery Greene,Lauren Park,1,2026-03-06
Anchor Plumbing - SDR Set 370,2026-01-12,2026-01-24,Mechanical Contractor,45000,Discovery,Q1 2026,2026-01-12,Avery Greene,Harper Lin,0,2026-01-24
Cobalt Plumbing Group - SDR Set 371,2025-11-13,2025-11-24,Plumbing Contractor,99000,Discovery,Q4 2025,2025-11-13,Avery Greene,Tomás Reyes,1,2025-11-24
Steeplechase Electric - SDR Set 372,2026-01-26,2026-02-09,Electrical Contractor,72000,Qualification,Q1 2026,2026-01-26,Wes Kim,Eddie Coleman,0,2026-02-09
Atlas Sheet Metal - SDR Set 373,2026-01-29,2026-02-02,Electrical Contractor,91000,Qualification,Q1 2026,2026-01-29,Avery Greene,Eddie Coleman,1,2026-02-02
Cobalt Plumbing Group - SDR Set 374,2026-05-28,2026-06-07,Sheet Metal Contractor,96000,Discovery,Q2 2026,2026-05-28,Avery Greene,Vikram Patel,0,2026-06-07
Northwall Builders - SDR Set 375,2025-11-21,2025-11-30,Specialty Trades,58000,Closed Won,Q4 2025,2025-11-21,Mira Schultz,Jamal Whitfield,0,2025-11-30
Crescent HVAC Co - SDR Set 376,2025-12-10,2025-12-18,General Contractor,16000,Evaluation,Q4 2025,2025-12-10,Avery Greene,Harper Lin,0,2025-12-18
Cascade Mechanical - SDR Set 377,2025-11-30,2025-12-09,Plumbing Contractor,95000,Closed Won,Q4 2025,2025-11-30,Mira Schultz,Vikram Patel,0,2025-12-09
Granite Industrial Services - SDR Set 378,2025-10-07,2025-10-16,Electrical Contractor,26000,Evaluation,Q4 2025,2025-10-07,Wes Kim,Lauren Park,1,2025-10-16
Cascade Mechanical - SDR Set 379,2026-01-17,2026-01-30,Sheet Metal Contractor,31000,Discovery,Q1 2026,2026-01-17,Wes Kim,Harper Lin,1,2026-01-30
Ironclad Electric - SDR Set 380,2026-02-22,2026-03-02,Industrial Services,74000,Closed Won,Q1 2026,2026-02-22,Avery Greene,Harper Lin,0,2026-03-02
Beacon Industrial - SDR Set 381,2026-05-19,2026-06-02,Industrial Services,88000,Qualification,Q2 2026,2026-05-19,Wes Kim,Vikram Patel,0,2026-06-02
Whitestone Electric - SDR Set 382,2026-06-06,2026-06-19,General Contractor,68000,Qualification,Q2 2026,2026-06-06,Wes Kim,Harper Lin,1,2026-06-19
Heritage Mechanical - SDR Set 383,2026-01-16,2026-01-23,HVAC Contractor,17000,Qualification,Q1 2026,2026-01-16,Mira Schultz,Tomás Reyes,1,2026-01-23
Cobalt Plumbing Group - SDR Set 384,2025-10-24,2025-11-04,Mechanical Contractor,25000,Qualification,Q4 2025,2025-10-24,Avery Greene,Harper Lin,1,2025-11-04
Sentinel HVAC - SDR Set 385,2026-03-19,2026-03-28,Specialty Trades,70000,Qualification,Q1 2026,2026-03-19,Wes Kim,Tomás Reyes,1,2026-03-28
Beacon Industrial - SDR Set 386,2025-11-09,2025-11-14,Specialty Trades,67000,Discovery,Q4 2025,2025-11-09,Avery Greene,Jamal Whitfield,0,2025-11-14
Beacon Industrial - SDR Set 387,2025-11-20,2025-11-28,Plumbing Contractor,27000,Qualification,Q4 2025,2025-11-20,Wes Kim,Jamal Whitfield,0,2025-11-28
Riverbend Plumbing - SDR Set 388,2025-11-06,2025-11-17,Specialty Trades,90000,Discovery,Q4 2025,2025-11-06,Mira Schultz,Caroline Mead,1,2025-11-17
Summit Electric Inc - SDR Set 389,2026-03-12,2026-03-23,HVAC Contractor,99000,Discovery,Q1 2026,2026-03-12,Avery Greene,Caroline Mead,0,2026-03-23
Driftwood Mechanical - SDR Set 390,2026-01-12,2026-01-25,Sheet Metal Contractor,83000,Evaluation,Q1 2026,2026-01-12,Wes Kim,Lauren Park,1,2026-01-25
Anchor Plumbing - SDR Set 391,2026-03-18,2026-03-28,Sheet Metal Contractor,27000,Closed Won,Q1 2026,2026-03-18,Mira Schultz,Lauren Park,1,2026-03-28
Atlas Sheet Metal - SDR Set 392,2026-03-07,2026-03-14,General Contractor,45000,Evaluation,Q1 2026,2026-03-07,Mira Schultz,Vikram Patel,0,2026-03-14
Foothill Sheet Metal - SDR Set 393,2026-04-04,2026-04-18,Plumbing Contractor,84000,Evaluation,Q2 2026,2026-04-04,Wes Kim,Harper Lin,0,2026-04-18
Cascade Mechanical - SDR Set 394,2026-01-25,2026-01-28,Specialty Trades,81000,Discovery,Q1 2026,2026-01-25,Mira Schultz,Vikram Patel,1,2026-01-28
Tannery Plumbing Co - SDR Set 395,2026-04-13,2026-04-18,Mechanical Contractor,92000,Qualification,Q2 2026,2026-04-13,Mira Schultz,Caroline Mead,1,2026-04-18
Riverbend Plumbing - SDR Set 396,2026-04-24,2026-05-01,Plumbing Contractor,99000,Discovery,Q2 2026,2026-04-24,Avery Greene,Eddie Coleman,1,2026-05-01
Cascade Mechanical - SDR Set 397,2026-05-23,2026-06-03,Specialty Trades,20000,Discovery,Q2 2026,2026-05-23,Wes Kim,Tomás Reyes,1,2026-06-03
Crescent HVAC Co - SDR Set 398,2026-06-15,2026-06-20,Electrical Contractor,36000,Discovery,Q2 2026,2026-06-15,Mira Schultz,Harper Lin,0,2026-06-20
Brookline Trades - SDR Set 399,2026-02-26,2026-03-06,Industrial Services,80000,Discovery,Q1 2026,2026-02-26,Mira Schultz,Vikram Patel,0,2026-03-06
Western Ridge Electrical - SDR Set 400,2025-11-19,2025-11-24,General Contractor,41000,Evaluation,Q4 2025,2025-11-19,Wes Kim,Tomás Reyes,1,2025-11-24
